{"anchor": [416, 136], "scale": 1.0, "horizontal_scale": 1.0, "verticle_scale": 1.0, "height_scale": 1.0, "width_scale": 1.0, "type": "Rectangle Object", "kwargs": {"X": 416, "Y": 136, "width": 100, "height": 100, "rotation": 0.0}, "grid_size": 8, "grid_color": [0, 0, 0], "rotation": 0.0, "vertices": [{"anchor": [371.0, 26], "angle": -49.37079703790748, "length": 222.6791413671249, "width": 1.0}, {"anchor": [226.0, 195], "angle": 107.55654743505288, "length": 185.64751546950473, "width": 1.0}, {"anchor": [282.0, 18], "angle": -104.99507912917599, "length": 173.92239648762893, "width": 1.0}, {"anchor": [327.0, 186], "angle": 105.37625124882621, "length": 165.9397481015323, "width": 1.0}]}