{
  "anchor": [
    291,
    91
  ],
  "scale": 1,
  "horizontal_scale": 1,
  "verticle_scale": 1,
  "height_scale": 1,
  "width_scale": 1,
  "type": "Rectangle Object",
  "kwargs": {
    "X": 291,
    "Y": 91,
    "width": 100,
    "height": 100,
    "rotation": 25.114834886144568
  },
  "grid_size": 8,
  "grid_color": [
    0,
    255,
    0,
    87
  ],
  "rotation": 25.114834886144568,
  "vertices": [
    {
      "anchor": [
        315.0512529864074,
        157.49464060947938
      ],
      "angle": 25.114834886144568,
      "length": 100,
      "width": 1
    },
    {
      "anchor": [
        224.5053593905206,
        115.05125298640749
      ],
      "angle": 115.11483488614459,
      "length": 100,
      "width": 1
    },
    {
      "anchor": [
        266.94874701359254,
        24.50535939052064
      ],
      "angle": 205.11483488614454,
      "length": 100,
      "width": 1
    },
    {
      "anchor": [
        357.4946406094794,
        66.94874701359251
      ],
      "angle": 295.1148348861446,
      "length": 100,
      "width": 1
    }
  ]
}