{
    "anchor": [310, 121],
    "scale":
    1.4142135623730951,
    "horizontal_scale":
    1,
    "verticle_scale":
    1,
    "height_scale":
    1,
    "width_scale":
    2.4020824298928627,
    "type":
    "Triangle Object",
    "kwargs": {
        "X": 310,
        "Y": 121,
        "radius": 50
    },
    "grid_size":
    8,
    "grid_color": [210, 0, 234, 255],
    "rotation":
    27.349875780069887,
    "vertices": [{
        "anchor": [460.86632254929975, 199.03430476687936],
        "angle": 13.834962634031534,
        "length": 262.03530296507756,
        "width": 1
    }, {
        "anchor": [206.43304554082866, 136.37484777329811],
        "angle": 117.34987578006977,
        "length": 122.47448713915895,
        "width": 1
    }, {
        "anchor": [262.70063190986895, 27.590847459820807],
        "angle": -139.13521107389155,
        "length": 262.03530296507773,
        "width": 1
    }]
}
